id;description;holiday_date;comments;created_by;created_on;updated_by;updated_on;status
1;bypassing Nigeria Associate;2020-01-09;Buckinghamshire Administrator;Representative;2020-01-09;hierarchy;2020-01-10;bricks-and-clicks
2;Checking Account array;2020-01-10;synergistic Handcrafted Plastic Fish;Tools gold invoice;2020-01-09;Kids primary;2020-01-09;Aruba
3;Rhode Island;2020-01-09;Sao Tome and Principe Saint Kitts and Nevis;wireless Buckinghamshire;2020-01-10;Danish Krone;2020-01-09;navigate Tuna pink
4;scale Salad Reverse-engineered;2020-01-09;systems reboot;Nevada invoice Gloves;2020-01-09;monitor fault-tolerant;2020-01-10;collaboration Persistent
5;ADP;2020-01-09;firewall override Arkansas;Belarussian Ruble deploy;2020-01-09;invoice redundant;2020-01-10;Pataca motivating
6;calculate Function-based Estonia;2020-01-09;Ridge;olive;2020-01-09;actuating invoice transmitting;2020-01-09;parse indigo
7;synthesize;2020-01-09;Table red;demand-driven Grocery;2020-01-09;Stand-alone New York Refined Metal Cheese;2020-01-10;Dynamic XML
8;circuit;2020-01-09;Hryvnia Refined compress;Oklahoma Tasty Wooden Bacon Agent;2020-01-10;transmit wireless TCP;2020-01-09;Organized Incredible Cotton Gloves
9;Solutions;2020-01-09;synthesizing mesh;architecture;2020-01-09;Advanced;2020-01-10;reboot
10;application alliance;2020-01-10;Borders Toys Web;AI Maryland;2020-01-09;Orchestrator;2020-01-09;bandwidth panel incubate
