id;lec_date;last_updated_on;last_updated_by;start_time;end_time
1;2019-11-14;2019-11-14;Pitcairn Islands Money Market Account;Radial Granite violet;Small Steel Chips
2;2019-11-14;2019-11-14;withdrawal hacking;panel USB;Investment Account feed program
3;2019-11-14;2019-11-14;focus group Web;Sleek Fresh Mouse Wooden;transmitting
4;2019-11-14;2019-11-14;reinvent;Swaziland Louisiana;IB
5;2019-11-15;2019-11-15;cutting-edge Costa Rican Colon global;Fish application Brazil;Concrete composite
6;2019-11-14;2019-11-15;service-desk Oklahoma JSON;system time-frame non-volatile;Implementation Benin Operative
7;2019-11-15;2019-11-14;Rustic virtual haptic;Arizona Savings Account;interface
8;2019-11-14;2019-11-14;Planner bandwidth Direct;pixel Mouse moratorium;Checking Account Savings Account
9;2019-11-14;2019-11-14;empowering Granite;gold open-source indigo;deploy
10;2019-11-14;2019-11-14;mindshare scalable Connecticut;Unbranded Fresh Sausages syndicate;parallelism
