id;description;start_date;end_date;comments;created_by;created_on;updated_by;updated_on;status
1;New Jersey;2020-01-09;2020-01-09;Identity extensible;deposit Wells;2020-01-09;Borders SAS Road;2020-01-09;Avon Division
2;Indian Rupee Ngultrum Dong transform;2020-01-09;2020-01-09;payment;Pakistan Rupee;2020-01-09;deposit leading edge Fish;2020-01-09;Investment Account Mouse protocol
3;North Dakota Street;2020-01-09;2020-01-10;Clothing;Kids Chicken Street;2020-01-09;Codes specifically reserved for testing purposes Global withdrawal;2020-01-09;GB New Hampshire
4;motivating Senior Pennsylvania;2020-01-09;2020-01-10;Checking Account Kwanza;communities;2020-01-10;Home Loan Account AGP SMS;2020-01-09;tan JBOD
5;Czech Koruna scale virtual;2020-01-09;2020-01-09;Manager;cyan;2020-01-09;Personal Loan Account Investment Account;2020-01-09;bypass Plastic robust
6;Coordinator quantifying;2020-01-09;2020-01-09;architecture Honduras primary;mint green Multi-layered;2020-01-09;value-added;2020-01-10;Table
7;Virgin Islands, British;2020-01-09;2020-01-09;Executive;Home Bacon;2020-01-10;withdrawal;2020-01-10;Music
8;Horizontal virtual Quetzal;2020-01-10;2020-01-09;Bacon;Soft robust JBOD;2020-01-10;Ergonomic;2020-01-09;orchestration New Mexico back-end
9;Pass;2020-01-09;2020-01-09;Plastic;Home Shoes;2020-01-09;vortals;2020-01-09;revolutionize
10;Gorgeous Cotton Pants Expressway array;2020-01-09;2020-01-09;Consultant invoice orange;British Indian Ocean Territory (Chagos Archipelago);2020-01-09;Consultant Chief;2020-01-10;sky blue
